"Address","Value_1","Hex_1","Value_2","Hex_2","Value_3","Hex_3",,65535,,
0,19762,"0x4D32",19762,"0x4D32",19762,"0x4D32",,,,
1,13872,"0x3630",13872,"0x3630",13872,"0x3630",,,,
2,13104,"0x3330",13104,"0x3330",13104,"0x3330",,,,
3,13361,"0x3431",13361,"0x3431",13361,"0x3431",,,,
4,12333,"0x302D",12333,"0x302D",12333,"0x302D",,,,
5,12353,"0x3041",12353,"0x3041",12353,"0x3041",,,,
6,12336,"0x3030",12336,"0x3030",12336,"0x3030",,,,
7,14649,"0x3939",14649,"0x3939",14649,"0x3939",,,,
8,13312,"0x3400",13312,"0x3400",13312,"0x3400",,,,
9,0,"0x0000",0,"0x0000",0,"0x0000",,,,
20,0,"0x0000",0,"0x0000",0,"0x0000",,,,
21,0,"0x0000",0,"0x0000",0,"0x0000",,,,
22,0,"0x0000",0,"0x0000",0,"0x0000",,,,
23,0,"0x0000",0,"0x0000",0,"0x0000",,,,
24,0,"0x0000",0,"0x0000",0,"0x0000",,,,
25,0,"0x0000",0,"0x0000",0,"0x0000",,,,
26,256,"0x0100",256,"0x0100",256,"0x0100",,,,
27,0,"0x0000",0,"0x0000",0,"0x0000",,,,
28,0,"0x0000",0,"0x0000",0,"0x0000",,,,
29,0,"0x0000",0,"0x0000",0,"0x0000",,,,
30,0,"0x0000",0,"0x0000",0,"0x0000",,,,
31,0,"0x0000",0,"0x0000",0,"0x0000",,,,
32,0,"0x0000",0,"0x0000",0,"0x0000",,,,
33,0,"0x0000",0,"0x0000",0,"0x0000",,,,
34,0,"0x0000",0,"0x0000",0,"0x0000",,,,
35,0,"0x0000",0,"0x0000",0,"0x0000",,,,
36,0,"0x0000",0,"0x0000",0,"0x0000",,,,
37,0,"0x0000",0,"0x0000",0,"0x0000",,,,
38,0,"0x0000",0,"0x0000",0,"0x0000",,,,
39,0,"0x0000",0,"0x0000",0,"0x0000",,,,
40,0,"0x0000",0,"0x0000",0,"0x0000",,,,
41,0,"0x0000",0,"0x0000",0,"0x0000",,,,
42,0,"0x0000",0,"0x0000",0,"0x0000",,,,
43,0,"0x0000",0,"0x0000",0,"0x0000",,,,
44,0,"0x0000",0,"0x0000",0,"0x0000",,,,
45,0,"0x0000",0,"0x0000",0,"0x0000",,,,
46,0,"0x0000",0,"0x0000",0,"0x0000",,,,
47,0,"0x0000",0,"0x0000",0,"0x0000",,,,
48,0,"0x0000",0,"0x0000",0,"0x0000",,,,
49,0,"0x0000",0,"0x0000",0,"0x0000",,,,
50,0,"0x0000",0,"0x0000",0,"0x0000",,,,
51,0,"0x0000",0,"0x0000",0,"0x0000",,,,
52,0,"0x0000",0,"0x0000",0,"0x0000",,,,
53,0,"0x0000",0,"0x0000",0,"0x0000",,,,
54,0,"0x0000",0,"0x0000",0,"0x0000",,,,
55,0,"0x0000",0,"0x0000",0,"0x0000",,,,
56,0,"0x0000",0,"0x0000",0,"0x0000",,,,
57,96,"0x0060",96,"0x0060",96,"0x0060",,,,
58,0,"0x0000",0,"0x0000",0,"0x0000",,,,
59,0,"0x0000",0,"0x0000",0,"0x0000",,,,
70,0,"0x0000",0,"0x0000",0,"0x0000",,,,
71,0,"0x0000",0,"0x0000",0,"0x0000",,,,
72,0,"0x0000",0,"0x0000",0,"0x0000",,,,
73,0,"0x0000",0,"0x0000",0,"0x0000",,,,
74,14042,"0x36DA",13018,"0x32DA",13018,"0x32DA",,,,
75,52028,"0xCB3C",52028,"0xCB3C",52028,"0xCB3C",,,,
76,15360,"0x3C00",15360,"0x3C00",15360,"0x3C00",,,,
77,14042,"0x36DA",13018,"0x32DA",13018,"0x32DA",,,,
78,52028,"0xCB3C",52028,"0xCB3C",52028,"0xCB3C",,,,
79,15360,"0x3C00",15360,"0x3C00",15360,"0x3C00",,,,
80,2356,"0x0934",0,"0x0000",2376,"0x0948","input volt",,,
81,201,"0x00C9",0,"0x0000",236,"0x00EC",,,,
82,5006,"0x138E",0,"0x0000",5003,"0x138B","input freq",,,
83,65104,"0xFE50",0,"0x0000",65026,"0xFE02","input power (negetive)",431,509,
84,0,"0x0000",0,"0x0000",0,"0x0000",,,,
85,0,"0x0000",0,"0x0000",0,"0x0000",,,,
86,0,"0x0000",0,"0x0000",0,"0x0000",,,,
87,0,"0x0000",0,"0x0000",0,"0x0000",,,,
88,2356,"0x0934",2300,"0x08FC",2376,"0x0948","output volt",,,
89,215,"0x00D7",207,"0x00CF",250,"0x00FA",,,,
90,5006,"0x138E",5000,"0x1388",5002,"0x138A","output freq",,,
91,432,"0x01B0",371,"0x0173",507,"0x01FB","total ouput",,,
92,432,"0x01B0",371,"0x0173",507,"0x01FB","Output pow(W)",,,
93,216,"0x00D8",185,"0x00B9",253,"0x00FD","total load (%)",,,
94,432,"0x01B0",0,"0x0000",509,"0x01FD","grid consumption",,,
95,0,"0x0000",0,"0x0000",0,"0x0000",,,,
96,0,"0x0000",0,"0x0000",0,"0x0000",,,,
97,0,"0x0000",0,"0x0000",0,"0x0000",,,,
98,0,"0x0000",0,"0x0000",0,"0x0000",,,,
99,0,"0x0000",0,"0x0000",0,"0x0000",,,,
100,0,"0x0000",0,"0x0000",0,"0x0000",,,,
101,0,"0x0000",0,"0x0000",0,"0x0000",,,,
102,0,"0x0000",0,"0x0000",0,"0x0000",,,,
103,0,"0x0000",0,"0x0000",0,"0x0000",,,,
104,0,"0x0000",0,"0x0000",0,"0x0000",,,,
105,0,"0x0000",0,"0x0000",0,"0x0000",,,,
106,0,"0x0000",0,"0x0000",0,"0x0000",,,,
107,0,"0x0000",0,"0x0000",0,"0x0000",,,,
108,0,"0x0000",0,"0x0000",0,"0x0000",,,,
109,0,"0x0000",0,"0x0000",0,"0x0000",,,,
110,0,"0x0000",0,"0x0000",0,"0x0000",,,,
111,0,"0x0000",0,"0x0000",0,"0x0000",,,,
112,0,"0x0000",0,"0x0000",0,"0x0000",,,,
113,0,"0x0000",0,"0x0000",0,"0x0000",,,,
114,0,"0x0000",0,"0x0000",0,"0x0000",,,,
115,0,"0x0000",0,"0x0000",0,"0x0000",,,,
116,0,"0x0000",0,"0x0000",0,"0x0000",,,,
117,0,"0x0000",0,"0x0000",0,"0x0000",,,,
118,0,"0x0000",0,"0x0000",0,"0x0000",,,,
119,0,"0x0000",0,"0x0000",0,"0x0000",,,,
120,0,"0x0000",0,"0x0000",0,"0x0000",,,,
121,0,"0x0000",0,"0x0000",0,"0x0000",,,,
122,0,"0x0000",0,"0x0000",0,"0x0000",,,,
123,0,"0x0000",0,"0x0000",0,"0x0000",,,,
124,0,"0x0000",0,"0x0000",0,"0x0000",,,,
125,0,"0x0000",0,"0x0000",0,"0x0000",,,,
126,0,"0x0000",0,"0x0000",0,"0x0000",,,,
127,0,"0x0000",0,"0x0000",0,"0x0000",,,,
128,132,"0x0084",128,"0x0080",131,"0x0083","batt voltage",,,
129,0,"0x0000",325,"0x0145",65336,"0x0000","batt curr (negetive when charging)",19.9,,
130,0,"0x0000",0,"0x0000",0,"0x0000",,,,
131,0,"0x0000",0,"0x0000",0,"0x0000",,,,
132,54,"0x0036",45,"0x002D",54,"0x0036","54=no grid charge",,,
133,0,"0x0000",415,"0x019F",65507,"0x0000",,28,,
134,65104,"0xFE50",0,"0x0000",65025,"0xFE01","may be ac input power",510,,
135,432,"0x01B0",371,"0x0173",507,"0x01FB","output power",,,
136,32767,"0x7FFF",32767,"0x7FFF",32767,"0x7FFF",,,,
137,32767,"0x7FFF",32767,"0x7FFF",32767,"0x7FFF",,,,
138,32767,"0x7FFF",32767,"0x7FFF",32767,"0x7FFF",,,,
139,32767,"0x7FFF",32767,"0x7FFF",32767,"0x7FFF",,,,
140,32767,"0x7FFF",32767,"0x7FFF",32767,"0x7FFF",,,,
141,32767,"0x7FFF",32767,"0x7FFF",32767,"0x7FFF",,,,
142,32767,"0x7FFF",32767,"0x7FFF",32767,"0x7FFF",,,,
143,16464,"0x4050",16464,"0x4050",16464,"0x4050",,,,
144,0,"0x0000",0,"0x0000",0,"0x0000",,,,
145,0,"0x0000",0,"0x0000",0,"0x0000",,,,
146,0,"0x0000",0,"0x0000",0,"0x0000",,,,
147,32767,"0x7FFF",32767,"0x7FFF",32767,"0x7FFF",,,,
148,0,"0x0000",65121,"0xFE61",0,"0x0000","may be batt discharge VA",414," ","positive val when charging"
149,432,"0x01B0",0,"0x0000",512,"0x0200","grid power consumption(VA or WATT)",,,
150,0,"0x0000",0,"0x0000",0,"0x0000","PV volt",,,
151,0,"0x0000",0,"0x0000",0,"0x0000",,,,
152,0,"0x0000",0,"0x0000",0,"0x0000","pv watt",,,
153,0,"0x0000",0,"0x0000",0,"0x0000",,,,
154,0,"0x0000",0,"0x0000",0,"0x0000",,,,
155,0,"0x0000",0,"0x0000",0,"0x0000",,,,
156,0,"0x0000",0,"0x0000",0,"0x0000",,,,
157,258,"0x0102",258,"0x0102",258,"0x0102",,,,
158,0,"0x0000",0,"0x0000",0,"0x0000",,,,
159,0,"0x0000",0,"0x0000",0,"0x0000",,,,
160,0,"0x0000",0,"0x0000",0,"0x0000",,,,
161,258,"0x0102",258,"0x0102",258,"0x0102",,,,
162,258,"0x0102",258,"0x0102",258,"0x0102",,,,
163,0,"0x0000",0,"0x0000",0,"0x0000",,,,
164,29,"0x001D",29,"0x001D",29,"0x001D",,,,
165,29,"0x001D",29,"0x001D",29,"0x001D",,,,
166,29,"0x001D",29,"0x001D",29,"0x001D",,,,
167,0,"0x0000",0,"0x0000",0,"0x0000",,,,
168,18,"0x0012",18,"0x0012",19,"0x0013",,,,
169,18,"0x0012",18,"0x0012",19,"0x0013",,,,
170,18,"0x0012",18,"0x0012",19,"0x0013",,,,
171,0,"0x0000",0,"0x0000",0,"0x0000",,,,
172,64,"0x0040",64,"0x0040",64,"0x0040",,,,
173,64,"0x0040",64,"0x0040",64,"0x0040",,,,
174,64,"0x0040",64,"0x0040",64,"0x0040",,,,
175,2,"0x0002",3,"0x0003",3,"0x0003",,,,
176,896,"0x0380",896,"0x0380",897,"0x0381",,,,
177,896,"0x0380",896,"0x0380",897,"0x0381",,,,
178,896,"0x0380",896,"0x0380",897,"0x0381",,,,
179,0,"0x0000",0,"0x0000",0,"0x0000",,,,
260,0,"0x0000",0,"0x0000",0,"0x0000",,,,
261,0,"0x0000",0,"0x0000",0,"0x0000",,,,
262,0,"0x0000",0,"0x0000",0,"0x0000",,,,
263,0,"0x0000",0,"0x0000",0,"0x0000",,,,
264,0,"0x0000",0,"0x0000",0,"0x0000",,,,
265,0,"0x0000",0,"0x0000",0,"0x0000",,,,
266,0,"0x0000",0,"0x0000",0,"0x0000",,,,
267,0,"0x0000",0,"0x0000",0,"0x0000",,,,
268,0,"0x0000",0,"0x0000",0,"0x0000",,,,
269,0,"0x0000",0,"0x0000",0,"0x0000",,,,
270,0,"0x0000",0,"0x0000",0,"0x0000",,,,
271,0,"0x0000",0,"0x0000",0,"0x0000",,,,
272,0,"0x0000",0,"0x0000",0,"0x0000",,,,
273,0,"0x0000",0,"0x0000",0,"0x0000",,,,
274,0,"0x0000",0,"0x0000",0,"0x0000",,,,
275,0,"0x0000",0,"0x0000",0,"0x0000",,,,
276,0,"0x0000",0,"0x0000",0,"0x0000",,,,
277,0,"0x0000",0,"0x0000",0,"0x0000",,,,
278,0,"0x0000",0,"0x0000",0,"0x0000",,,,
279,0,"0x0000",0,"0x0000",0,"0x0000",,,,
280,0,"0x0000",0,"0x0000",0,"0x0000",,,,
281,0,"0x0000",0,"0x0000",0,"0x0000",,,,
282,0,"0x0000",0,"0x0000",0,"0x0000",,,,
283,0,"0x0000",0,"0x0000",0,"0x0000",,,,
284,0,"0x0000",0,"0x0000",0,"0x0000",,,,
285,0,"0x0000",0,"0x0000",0,"0x0000",,,,
286,0,"0x0000",0,"0x0000",0,"0x0000",,,,
287,0,"0x0000",0,"0x0000",0,"0x0000",,,,
288,0,"0x0000",0,"0x0000",0,"0x0000",,,,
289,0,"0x0000",0,"0x0000",0,"0x0000",,,,
290,0,"0x0000",0,"0x0000",0,"0x0000",,,,
291,0,"0x0000",0,"0x0000",0,"0x0000",,,,
292,0,"0x0000",0,"0x0000",0,"0x0000",,,,
293,0,"0x0000",0,"0x0000",0,"0x0000",,,,
294,0,"0x0000",0,"0x0000",0,"0x0000",,,,
295,0,"0x0000",0,"0x0000",0,"0x0000",,,,
296,0,"0x0000",0,"0x0000",0,"0x0000",,,,
297,0,"0x0000",0,"0x0000",0,"0x0000",,,,
298,0,"0x0000",0,"0x0000",0,"0x0000",,,,
299,0,"0x0000",0,"0x0000",0,"0x0000",,,,
300,0,"0x0000",0,"0x0000",0,"0x0000",,,,
301,0,"0x0000",0,"0x0000",0,"0x0000",,,,
302,0,"0x0000",0,"0x0000",0,"0x0000",,,,
303,0,"0x0000",0,"0x0000",0,"0x0000",,,,
304,0,"0x0000",0,"0x0000",0,"0x0000",,,,
305,0,"0x0000",0,"0x0000",0,"0x0000",,,,
306,0,"0x0000",0,"0x0000",0,"0x0000",,,,
307,0,"0x0000",0,"0x0000",0,"0x0000",,,,
308,0,"0x0000",0,"0x0000",0,"0x0000",,,,
309,0,"0x0000",0,"0x0000",0,"0x0000",,,,
310,0,"0x0000",0,"0x0000",0,"0x0000",,,,
311,0,"0x0000",0,"0x0000",0,"0x0000",,,,
312,0,"0x0000",0,"0x0000",0,"0x0000",,,,
313,0,"0x0000",0,"0x0000",0,"0x0000",,,,
314,0,"0x0000",0,"0x0000",0,"0x0000",,,,
315,0,"0x0000",0,"0x0000",0,"0x0000",,,,
316,0,"0x0000",0,"0x0000",0,"0x0000",,,,
317,0,"0x0000",0,"0x0000",0,"0x0000",,,,
318,0,"0x0000",0,"0x0000",0,"0x0000",,,,
319,0,"0x0000",0,"0x0000",0,"0x0000",,,,
320,0,"0x0000",0,"0x0000",0,"0x0000",,,,
321,0,"0x0000",0,"0x0000",0,"0x0000",,,,
322,1,"0x0001",1,"0x0001",1,"0x0001",,,,
323,1,"0x0001",1,"0x0001",1,"0x0001",,,,
324,3,"0x0003",5,"0x0005",3,"0x0003",,,,
325,0,"0x0000",0,"0x0000",0,"0x0000",,,,
326,0,"0x0000",0,"0x0000",0,"0x0000",,,,
327,0,"0x0000",0,"0x0000",0,"0x0000",,,,
328,0,"0x0000",0,"0x0000",0,"0x0000",,,,
329,0,"0x0000",0,"0x0000",0,"0x0000",,,,
340,3861,"0x0F15",3787,"0x0ECB",3861,"0x0F15",,,,
341,132,"0x0084",127,"0x007F",132,"0x0084",,,,
342,0,"0x0000",65206,"0xFEB6",0,"0x0000",,329,,
343,0,"0x0000",65206,"0xFEB6",0,"0x0000",,,,
344,160,"0x00A0",160,"0x00A0",160,"0x00A0",,,,
345,125,"0x007D",125,"0x007D",125,"0x007D",,,,
346,0,"0x0000",0,"0x0000",0,"0x0000",,,,
347,0,"0x0000",0,"0x0000",0,"0x0000",,,,
348,125,"0x007D",125,"0x007D",125,"0x007D",,,,
349,65521,"0xFFF1",65521,"0xFFF1",65521,"0xFFF1",,,,
350,0,"0x0000",0,"0x0000",0,"0x0000",,,,
351,0,"0x0000",0,"0x0000",0,"0x0000",,,,
352,0,"0x0000",0,"0x0000",0,"0x0000",,,,
353,0,"0x0000",0,"0x0000",0,"0x0000",,,,
354,0,"0x0000",0,"0x0000",0,"0x0000",,,,
355,0,"0x0000",0,"0x0000",0,"0x0000",,,,
356,0,"0x0000",0,"0x0000",0,"0x0000",,,,
357,0,"0x0000",0,"0x0000",0,"0x0000",,,,
358,0,"0x0000",0,"0x0000",0,"0x0000",,,,
359,0,"0x0000",0,"0x0000",0,"0x0000",,,,
360,0,"0x0000",0,"0x0000",0,"0x0000",,,,
361,0,"0x0000",0,"0x0000",0,"0x0000",,,,
362,0,"0x0000",0,"0x0000",0,"0x0000",,,,
363,0,"0x0000",0,"0x0000",0,"0x0000",,,,
364,0,"0x0000",0,"0x0000",0,"0x0000",,,,
365,0,"0x0000",0,"0x0000",0,"0x0000",,,,
366,0,"0x0000",0,"0x0000",0,"0x0000",,,,
367,0,"0x0000",0,"0x0000",0,"0x0000",,,,
368,0,"0x0000",0,"0x0000",0,"0x0000",,,,
369,0,"0x0000",0,"0x0000",0,"0x0000",,,,
370,0,"0x0000",0,"0x0000",0,"0x0000",,,,
371,0,"0x0000",0,"0x0000",0,"0x0000",,,,
372,0,"0x0000",0,"0x0000",0,"0x0000",,,,
373,0,"0x0000",0,"0x0000",0,"0x0000",,,,
374,0,"0x0000",0,"0x0000",0,"0x0000",,,,
375,144,"0x0090",144,"0x0090",144,"0x0090","Batt const volt charg",,,
376,142,"0x008E",142,"0x008E",142,"0x008E","batt float volt charg",,,
377,500,"0x01F4",500,"0x01F4",500,"0x01F4","batt charge curr",,,
378,500,"0x01F4",500,"0x01F4",500,"0x01F4",,,,
379,0,"0x0000",0,"0x0000",0,"0x0000",,,,
380,0,"0x0000",0,"0x0000",0,"0x0000",,,,
381,0,"0x0000",0,"0x0000",0,"0x0000",,,,
382,146,"0x0092",146,"0x0092",146,"0x0092","bat equalized voltage point",,,
383,0,"0x0000",0,"0x0000",0,"0x0000",,,,
384,7200,"0x1C20",7200,"0x1C20",7200,"0x1C20",,,,
385,720,"0x02D0",720,"0x02D0",720,"0x02D0",,,,
386,0,"0x0000",0,"0x0000",0,"0x0000",,,,
387,0,"0x0000",0,"0x0000",0,"0x0000",,,,
388,0,"0x0000",0,"0x0000",0,"0x0000",,,,
389,0,"0x0000",0,"0x0000",0,"0x0000",,,,
390,0,"0x0000",0,"0x0000",0,"0x0000",,,,
391,0,"0x0000",0,"0x0000",0,"0x0000",,,,
392,0,"0x0000",0,"0x0000",0,"0x0000",,,,
393,0,"0x0000",0,"0x0000",0,"0x0000",,,,
394,0,"0x0000",0,"0x0000",0,"0x0000",,,,
395,0,"0x0000",0,"0x0000",0,"0x0000",,,,
396,0,"0x0000",0,"0x0000",0,"0x0000",,,,
397,0,"0x0000",0,"0x0000",0,"0x0000",,,,
398,0,"0x0000",0,"0x0000",0,"0x0000",,,,
399,0,"0x0000",0,"0x0000",0,"0x0000",,,,
400,0,"0x0000",0,"0x0000",0,"0x0000",,,,
401,0,"0x0000",0,"0x0000",0,"0x0000",,,,
402,16464,"0x4050",16464,"0x4050",16464,"0x4050",,,,
403,0,"0x0000",0,"0x0000",0,"0x0000",,,,
404,0,"0x0000",0,"0x0000",0,"0x0000",,,,
405,0,"0x0000",0,"0x0000",0,"0x0000",,,,
406,0,"0x0000",0,"0x0000",0,"0x0000",,,,
407,0,"0x0000",0,"0x0000",0,"0x0000",,,,
408,0,"0x0000",0,"0x0000",0,"0x0000",,,,
409,0,"0x0000",0,"0x0000",0,"0x0000",,,,
440,0,"0x0000",0,"0x0000",0,"0x0000",,,,
441,0,"0x0000",0,"0x0000",0,"0x0000",,,,
442,0,"0x0000",0,"0x0000",0,"0x0000",,,,
443,0,"0x0000",0,"0x0000",0,"0x0000",,,,
444,0,"0x0000",0,"0x0000",0,"0x0000",,,,
445,0,"0x0000",0,"0x0000",0,"0x0000",,,,
446,0,"0x0000",0,"0x0000",0,"0x0000",,,,
447,0,"0x0000",0,"0x0000",0,"0x0000",,,,
448,30,"0x001E",31,"0x001F",32,"0x0020",,,,
449,0,"0x0000",0,"0x0000",0,"0x0000",,,,
450,278,"0x0116",279,"0x0117",280,"0x0118",,,,
451,0,"0x0000",0,"0x0000",0,"0x0000",,,,
452,278,"0x0116",279,"0x0117",280,"0x0118",,,,
453,0,"0x0000",0,"0x0000",0,"0x0000",,,,
454,6974,"0x1B3E",6975,"0x1B3F",6976,"0x1B40",,,,
455,0,"0x0000",0,"0x0000",0,"0x0000",,,,
456,0,"0x0000",0,"0x0000",0,"0x0000",,,,
457,0,"0x0000",0,"0x0000",0,"0x0000",,,,
458,0,"0x0000",0,"0x0000",0,"0x0000",,,,
459,0,"0x0000",0,"0x0000",0,"0x0000",,,,
460,0,"0x0000",0,"0x0000",0,"0x0000",,,,
461,0,"0x0000",0,"0x0000",0,"0x0000",,,,
462,0,"0x0000",0,"0x0000",0,"0x0000",,,,
463,0,"0x0000",0,"0x0000",0,"0x0000",,,,
464,0,"0x0000",0,"0x0000",0,"0x0000",,,,
465,0,"0x0000",0,"0x0000",0,"0x0000",,,,
466,0,"0x0000",0,"0x0000",0,"0x0000",,,,
467,0,"0x0000",0,"0x0000",0,"0x0000",,,,
468,0,"0x0000",0,"0x0000",0,"0x0000",,,,
469,0,"0x0000",0,"0x0000",0,"0x0000",,,,
470,0,"0x0000",0,"0x0000",0,"0x0000",,,,
471,0,"0x0000",0,"0x0000",0,"0x0000",,,,
472,0,"0x0000",0,"0x0000",0,"0x0000",,,,
473,0,"0x0000",0,"0x0000",0,"0x0000",,,,
474,0,"0x0000",0,"0x0000",0,"0x0000",,,,
475,0,"0x0000",0,"0x0000",0,"0x0000",,,,
476,0,"0x0000",0,"0x0000",0,"0x0000",,,,
477,0,"0x0000",0,"0x0000",0,"0x0000",,,,
478,0,"0x0000",0,"0x0000",0,"0x0000",,,,
479,0,"0x0000",0,"0x0000",0,"0x0000",,,,
480,0,"0x0000",0,"0x0000",0,"0x0000",,,,
481,0,"0x0000",0,"0x0000",0,"0x0000",,,,
482,0,"0x0000",0,"0x0000",0,"0x0000",,,,
483,0,"0x0000",0,"0x0000",0,"0x0000",,,,
484,0,"0x0000",0,"0x0000",0,"0x0000",,,,
485,0,"0x0000",0,"0x0000",0,"0x0000",,,,
486,0,"0x0000",0,"0x0000",0,"0x0000",,,,
487,0,"0x0000",0,"0x0000",0,"0x0000",,,,
488,0,"0x0000",0,"0x0000",0,"0x0000",,,,
489,0,"0x0000",0,"0x0000",0,"0x0000",,,,
490,0,"0x0000",0,"0x0000",0,"0x0000",,,,
491,0,"0x0000",0,"0x0000",0,"0x0000",,,,
492,0,"0x0000",0,"0x0000",0,"0x0000",,,,
493,0,"0x0000",0,"0x0000",0,"0x0000",,,,
494,0,"0x0000",0,"0x0000",0,"0x0000",,,,
495,0,"0x0000",0,"0x0000",0,"0x0000",,,,
496,0,"0x0000",0,"0x0000",0,"0x0000",,,,
497,0,"0x0000",0,"0x0000",0,"0x0000",,,,
498,0,"0x0000",0,"0x0000",0,"0x0000",,,,
499,0,"0x0000",0,"0x0000",0,"0x0000",,,,
500,0,"0x0000",0,"0x0000",0,"0x0000",,,,
501,0,"0x0000",0,"0x0000",0,"0x0000",,,,
502,0,"0x0000",0,"0x0000",0,"0x0000",,,,
503,0,"0x0000",0,"0x0000",0,"0x0000",,,,
504,0,"0x0000",0,"0x0000",0,"0x0000",,,,
505,0,"0x0000",0,"0x0000",0,"0x0000",,,,
506,0,"0x0000",0,"0x0000",0,"0x0000",,,,
507,0,"0x0000",0,"0x0000",0,"0x0000",,,,
508,0,"0x0000",0,"0x0000",0,"0x0000",,,,
509,0,"0x0000",0,"0x0000",0,"0x0000",,,,
510,0,"0x0000",0,"0x0000",0,"0x0000",,,,
511,0,"0x0000",0,"0x0000",0,"0x0000",,,,
512,0,"0x0000",0,"0x0000",0,"0x0000",,,,
513,0,"0x0000",0,"0x0000",0,"0x0000",,,,
514,0,"0x0000",0,"0x0000",0,"0x0000",,,,
515,0,"0x0000",0,"0x0000",0,"0x0000",,,,
516,0,"0x0000",0,"0x0000",0,"0x0000",,,,
517,0,"0x0000",0,"0x0000",0,"0x0000",,,,
518,0,"0x0000",0,"0x0000",0,"0x0000",,,,
519,0,"0x0000",0,"0x0000",0,"0x0000",,,,
530,0,"0x0000",0,"0x0000",0,"0x0000",,,,
531,0,"0x0000",0,"0x0000",0,"0x0000",,,,
532,0,"0x0000",0,"0x0000",0,"0x0000",,,,
533,0,"0x0000",0,"0x0000",0,"0x0000",,,,
534,0,"0x0000",0,"0x0000",0,"0x0000",,,,
535,0,"0x0000",0,"0x0000",0,"0x0000",,,,
536,0,"0x0000",0,"0x0000",0,"0x0000",,,,
537,4999,"0x1387",5000,"0x1388",4993,"0x1381",,,,
538,247,"0x00F7",251,"0x00FB",249,"0x00F9",,,,
539,0,"0x0000",0,"0x0000",0,"0x0000",,,,
540,496,"0x01F0",488,"0x01E8",504,"0x01F8","active power(W)",,,
541,579,"0x0243",581,"0x0245",594,"0x0252","apparent power",,,
542,0,"0x0000",0,"0x0000",0,"0x0000",,,,
543,0,"0x0000",0,"0x0000",0,"0x0000",,,,
544,246,"0x00F6",243,"0x00F3",253,"0x00FD",,,,
545,0,"0x0000",0,"0x0000",0,"0x0000",,,,
546,30,"0x001E",32,"0x0020",34,"0x0022",,,,
547,0,"0x0000",0,"0x0000",0,"0x0000",,,,
548,8966,"0x2306",8968,"0x2308",8970,"0x230A",,,,
549,0,"0x0000",0,"0x0000",0,"0x0000",,,,
550,8966,"0x2306",8968,"0x2308",8970,"0x230A",,,,
551,0,"0x0000",0,"0x0000",0,"0x0000",,,,
552,8966,"0x2306",8968,"0x2308",8970,"0x230A",,,,
553,0,"0x0000",0,"0x0000",0,"0x0000",,,,
554,0,"0x0000",0,"0x0000",0,"0x0000",,,,
555,0,"0x0000",0,"0x0000",0,"0x0000",,,,
556,0,"0x0000",0,"0x0000",0,"0x0000",,,,
557,0,"0x0000",0,"0x0000",0,"0x0000",,,,
558,0,"0x0000",0,"0x0000",0,"0x0000",,,,
559,0,"0x0000",0,"0x0000",0,"0x0000",,,,
560,0,"0x0000",0,"0x0000",0,"0x0000",,,,
561,0,"0x0000",0,"0x0000",0,"0x0000",,,,
562,0,"0x0000",0,"0x0000",0,"0x0000",,,,
563,0,"0x0000",0,"0x0000",0,"0x0000",,,,
564,0,"0x0000",0,"0x0000",0,"0x0000",,,,
565,0,"0x0000",0,"0x0000",0,"0x0000",,,,
566,0,"0x0000",0,"0x0000",0,"0x0000",,,,
567,0,"0x0000",0,"0x0000",0,"0x0000",,,,
568,0,"0x0000",0,"0x0000",0,"0x0000",,,,
569,0,"0x0000",0,"0x0000",0,"0x0000",,,,
570,0,"0x0000",0,"0x0000",0,"0x0000",,,,
571,0,"0x0000",0,"0x0000",0,"0x0000",,,,
572,0,"0x0000",0,"0x0000",0,"0x0000",,,,
573,0,"0x0000",0,"0x0000",0,"0x0000",,,,
574,0,"0x0000",0,"0x0000",0,"0x0000",,,,
575,0,"0x0000",0,"0x0000",0,"0x0000",,,,
576,0,"0x0000",0,"0x0000",0,"0x0000",,,,
577,0,"0x0000",0,"0x0000",0,"0x0000",,,,
578,0,"0x0000",0,"0x0000",0,"0x0000",,,,
579,0,"0x0000",0,"0x0000",0,"0x0000",,,,
580,0,"0x0000",0,"0x0000",0,"0x0000",,,,
581,0,"0x0000",0,"0x0000",0,"0x0000",,,,
582,0,"0x0000",0,"0x0000",0,"0x0000",,,,
583,0,"0x0000",0,"0x0000",0,"0x0000",,,,
584,0,"0x0000",0,"0x0000",0,"0x0000",,,,
585,0,"0x0000",0,"0x0000",0,"0x0000",,,,
586,0,"0x0000",0,"0x0000",0,"0x0000",,,,
587,0,"0x0000",0,"0x0000",0,"0x0000",,,,
588,0,"0x0000",0,"0x0000",0,"0x0000",,,,
589,0,"0x0000",0,"0x0000",0,"0x0000",,,,
590,0,"0x0000",0,"0x0000",0,"0x0000",,,,
591,0,"0x0000",0,"0x0000",0,"0x0000",,,,
592,0,"0x0000",0,"0x0000",0,"0x0000",,,,
593,0,"0x0000",0,"0x0000",0,"0x0000",,,,
594,0,"0x0000",0,"0x0000",0,"0x0000",,,,
595,0,"0x0000",0,"0x0000",0,"0x0000",,,,
596,0,"0x0000",0,"0x0000",0,"0x0000",,,,
597,0,"0x0000",0,"0x0000",0,"0x0000",,,,
598,0,"0x0000",0,"0x0000",0,"0x0000",,,,
599,0,"0x0000",0,"0x0000",0,"0x0000",,,,
610,65525,"0xFFF5",65526,"0xFFF6",65525,"0xFFF5",,,,
611,0,"0x0000",0,"0x0000",0,"0x0000",,,,
612,0,"0x0000",0,"0x0000",0,"0x0000",,,,
613,0,"0x0000",0,"0x0000",0,"0x0000",,,,
614,21,"0x0015",21,"0x0015",21,"0x0015",,,,
615,0,"0x0000",0,"0x0000",0,"0x0000",,,,
616,0,"0x0000",0,"0x0000",0,"0x0000",,,,
617,0,"0x0000",0,"0x0000",0,"0x0000",,,,
618,2585,"0x0A19",2585,"0x0A19",2585,"0x0A19","Solar Power Generated in (kwh * 100)",,,
619,0,"0x0000",0,"0x0000",0,"0x0000","Solar Power Generated in (kwh * 100)",,,
620,2585,"0x0A19",2585,"0x0A19",2585,"0x0A19","Solar Power Generated in (kwh * 100)",,,
621,0,"0x0000",0,"0x0000",0,"0x0000","Solar Power Generated in (kwh * 100)",,,
622,2585,"0x0A19",2585,"0x0A19",2585,"0x0A19","Solar Power Generated in (kwh * 100)",,,
623,0,"0x0000",0,"0x0000",0,"0x0000","Solar Power Generated in (kwh * 100)",,,
624,25,"0x0019",24,"0x0018",25,"0x0019","pv volt",,,
625,65525,"0xFFF5",65525,"0xFFF5",65525,"0xFFF5",,,,
626,0,"0x0000",0,"0x0000",0,"0x0000","current PV gen in watt",,,
627,21,"0x0015",21,"0x0015",21,"0x0015","pv watt",,,
628,0,"0x0000",0,"0x0000",0,"0x0000",,,,
629,0,"0x0000",0,"0x0000",0,"0x0000",,,,
630,0,"0x0000",0,"0x0000",0,"0x0000","todays generation",,,
631,0,"0x0000",0,"0x0000",0,"0x0000",,,,
632,2585,"0x0A19",2585,"0x0A19",2585,"0x0A19","Solar Power Generated in (kwh * 100)",,,
633,0,"0x0000",0,"0x0000",0,"0x0000","Solar Power Generated in (kwh * 100)",,,
634,2585,"0x0A19",2585,"0x0A19",2585,"0x0A19","Solar Power Generated in (kwh * 100)",,,
635,0,"0x0000",0,"0x0000",0,"0x0000","Solar Power Generated in (kwh * 100)",,,
636,2585,"0x0A19",2585,"0x0A19",2585,"0x0A19","Solar Power Generated in (kwh * 100)",,,
637,0,"0x0000",0,"0x0000",0,"0x0000","Solar Power Generated in (kwh * 100)",,,
638,0,"0x0000",0,"0x0000",0,"0x0000",,,,
639,0,"0x0000",0,"0x0000",0,"0x0000",,,,
640,0,"0x0000",0,"0x0000",0,"0x0000",,,,
641,0,"0x0000",0,"0x0000",0,"0x0000",,,,
642,0,"0x0000",0,"0x0000",0,"0x0000",,,,
643,16,"0x0010",16,"0x0010",16,"0x0010",,,,
644,0,"0x0000",0,"0x0000",0,"0x0000",,,,
645,0,"0x0000",0,"0x0000",0,"0x0000",,,,
646,0,"0x0000",0,"0x0000",0,"0x0000",,,,
647,0,"0x0000",0,"0x0000",0,"0x0000",,,,
648,0,"0x0000",0,"0x0000",0,"0x0000",,,,
649,0,"0x0000",0,"0x0000",0,"0x0000",,,,
650,0,"0x0000",0,"0x0000",0,"0x0000",,,,
651,0,"0x0000",0,"0x0000",0,"0x0000",,,,
652,0,"0x0000",0,"0x0000",0,"0x0000",,,,
653,0,"0x0000",0,"0x0000",0,"0x0000",,,,
654,0,"0x0000",0,"0x0000",0,"0x0000",,,,
655,0,"0x0000",0,"0x0000",0,"0x0000",,,,
656,0,"0x0000",0,"0x0000",0,"0x0000",,,,
657,0,"0x0000",0,"0x0000",0,"0x0000",,,,
658,0,"0x0000",0,"0x0000",0,"0x0000",,,,
659,0,"0x0000",0,"0x0000",0,"0x0000",,,,
660,0,"0x0000",0,"0x0000",0,"0x0000",,,,
661,0,"0x0000",0,"0x0000",0,"0x0000",,,,
662,0,"0x0000",0,"0x0000",0,"0x0000",,,,
663,0,"0x0000",0,"0x0000",0,"0x0000",,,,
664,0,"0x0000",0,"0x0000",0,"0x0000",,,,
665,0,"0x0000",0,"0x0000",0,"0x0000",,,,
666,0,"0x0000",0,"0x0000",0,"0x0000",,,,
667,0,"0x0000",0,"0x0000",0,"0x0000",,,,
668,0,"0x0000",0,"0x0000",0,"0x0000",,,,
669,0,"0x0000",0,"0x0000",0,"0x0000",,,,
680,0,"0x0000",0,"0x0000",0,"0x0000",,,,
681,0,"0x0000",0,"0x0000",0,"0x0000",,,,
682,2348,"0x092C",2300,"0x08FC",2370,"0x0942",,,,
683,4992,"0x1380",4999,"0x1387",4993,"0x1381",,,,
684,66,"0x0042",249,"0x00F9",66,"0x0042",,,,
685,47,"0x002F",65530,"0xFFFA",55,"0x0037",,,,
686,0,"0x0000",0,"0x0000",0,"0x0000",,,,
687,0,"0x0000",0,"0x0000",0,"0x0000",,,,
688,0,"0x0000",0,"0x0000",0,"0x0000",,,,
689,0,"0x0000",0,"0x0000",0,"0x0000",,,,
690,0,"0x0000",0,"0x0000",0,"0x0000",,,,
691,0,"0x0000",0,"0x0000",0,"0x0000",,,,
692,0,"0x0000",0,"0x0000",0,"0x0000",,,,
693,0,"0x0000",1,"0x0001",2,"0x0002",,,,
694,0,"0x0000",0,"0x0000",0,"0x0000",,,,
695,645,"0x0285",646,"0x0286",647,"0x0287",,,,
696,0,"0x0000",0,"0x0000",0,"0x0000",,,,
697,645,"0x0285",646,"0x0286",647,"0x0287",,,,
698,0,"0x0000",0,"0x0000",0,"0x0000",,,,
699,0,"0x0000",0,"0x0000",0,"0x0000",,,,
700,0,"0x0000",0,"0x0000",0,"0x0000",,,,
701,0,"0x0000",0,"0x0000",0,"0x0000",,,,
702,0,"0x0000",0,"0x0000",0,"0x0000",,,,
703,0,"0x0000",0,"0x0000",0,"0x0000",,,,
704,0,"0x0000",0,"0x0000",0,"0x0000",,,,
705,0,"0x0000",0,"0x0000",0,"0x0000",,,,
706,0,"0x0000",0,"0x0000",0,"0x0000",,,,
707,0,"0x0000",0,"0x0000",0,"0x0000",,,,
708,0,"0x0000",0,"0x0000",0,"0x0000",,,,
709,0,"0x0000",0,"0x0000",0,"0x0000",,,,
710,0,"0x0000",0,"0x0000",0,"0x0000",,,,
711,0,"0x0000",0,"0x0000",0,"0x0000",,,,
712,0,"0x0000",0,"0x0000",0,"0x0000",,,,
713,0,"0x0000",0,"0x0000",0,"0x0000",,,,
714,0,"0x0000",0,"0x0000",0,"0x0000",,,,
715,0,"0x0000",0,"0x0000",0,"0x0000",,,,
716,0,"0x0000",0,"0x0000",0,"0x0000",,,,
717,0,"0x0000",0,"0x0000",0,"0x0000",,,,
718,0,"0x0000",0,"0x0000",0,"0x0000",,,,
719,0,"0x0000",0,"0x0000",0,"0x0000",,,,
720,0,"0x0000",0,"0x0000",0,"0x0000",,,,
721,0,"0x0000",0,"0x0000",0,"0x0000",,,,
722,0,"0x0000",0,"0x0000",0,"0x0000",,,,
723,0,"0x0000",0,"0x0000",0,"0x0000",,,,
724,0,"0x0000",0,"0x0000",0,"0x0000",,,,
725,0,"0x0000",0,"0x0000",0,"0x0000",,,,
726,0,"0x0000",0,"0x0000",0,"0x0000",,,,
727,0,"0x0000",0,"0x0000",0,"0x0000",,,,
728,0,"0x0000",0,"0x0000",0,"0x0000",,,,
729,0,"0x0000",0,"0x0000",0,"0x0000",,,,
800,30,"0x001E",30,"0x001E",30,"0x001E",,,,
801,0,"0x0000",0,"0x0000",0,"0x0000",,,,
802,255,"0x00FF",255,"0x00FF",255,"0x00FF",,,,
803,0,"0x0000",0,"0x0000",0,"0x0000",,,,
804,0,"0x0000",0,"0x0000",0,"0x0000",,,,
805,0,"0x0000",0,"0x0000",0,"0x0000",,,,
806,0,"0x0000",0,"0x0000",0,"0x0000",,,,
807,0,"0x0000",0,"0x0000",0,"0x0000",,,,
808,0,"0x0000",0,"0x0000",0,"0x0000",,,,
809,0,"0x0000",0,"0x0000",0,"0x0000",,,,
820,330,"0x014A",380,"0x017C",350,"0x015E",,,,
821,0,"0x0000",0,"0x0000",0,"0x0000",,,,
822,0,"0x0000",0,"0x0000",0,"0x0000",,,,
823,0,"0x0000",0,"0x0000",0,"0x0000",,,,
824,0,"0x0000",0,"0x0000",0,"0x0000",,,,
825,0,"0x0000",0,"0x0000",0,"0x0000",,,,
826,0,"0x0000",0,"0x0000",0,"0x0000",,,,
827,0,"0x0000",0,"0x0000",0,"0x0000",,,,
828,0,"0x0000",0,"0x0000",0,"0x0000",,,,
829,0,"0x0000",0,"0x0000",0,"0x0000",,,,
850,0,"0x0000",0,"0x0000",0,"0x0000",,,,
851,0,"0x0000",0,"0x0000",0,"0x0000",,,,
852,0,"0x0000",0,"0x0000",0,"0x0000",,,,
853,0,"0x0000",0,"0x0000",0,"0x0000",,,,
854,0,"0x0000",0,"0x0000",0,"0x0000",,,,
855,0,"0x0000",0,"0x0000",0,"0x0000",,,,
856,0,"0x0000",0,"0x0000",0,"0x0000",,,,
857,0,"0x0000",0,"0x0000",0,"0x0000",,,,
858,0,"0x0000",0,"0x0000",0,"0x0000",,,,
859,0,"0x0000",0,"0x0000",0,"0x0000",,,,
870,0,"0x0000",0,"0x0000",0,"0x0000",,,,
871,0,"0x0000",0,"0x0000",0,"0x0000",,,,
872,0,"0x0000",0,"0x0000",0,"0x0000",,,,
873,0,"0x0000",0,"0x0000",0,"0x0000",,,,
874,0,"0x0000",0,"0x0000",0,"0x0000",,,,
875,0,"0x0000",0,"0x0000",0,"0x0000",,,,
876,0,"0x0000",0,"0x0000",0,"0x0000",,,,
877,0,"0x0000",0,"0x0000",0,"0x0000",,,,
878,0,"0x0000",0,"0x0000",0,"0x0000",,,,
879,0,"0x0000",0,"0x0000",0,"0x0000",,,,
880,0,"0x0000",0,"0x0000",0,"0x0000",,,,
881,0,"0x0000",0,"0x0000",0,"0x0000",,,,
882,0,"0x0000",0,"0x0000",0,"0x0000",,,,
883,0,"0x0000",0,"0x0000",0,"0x0000",,,,
884,0,"0x0000",0,"0x0000",0,"0x0000",,,,
885,0,"0x0000",0,"0x0000",0,"0x0000",,,,
886,0,"0x0000",0,"0x0000",0,"0x0000",,,,
887,0,"0x0000",0,"0x0000",0,"0x0000",,,,
888,0,"0x0000",0,"0x0000",0,"0x0000",,,,
889,0,"0x0000",0,"0x0000",0,"0x0000",,,,
890,0,"0x0000",0,"0x0000",0,"0x0000",,,,
891,0,"0x0000",0,"0x0000",0,"0x0000",,,,
892,0,"0x0000",0,"0x0000",0,"0x0000",,,,
893,0,"0x0000",0,"0x0000",0,"0x0000",,,,
894,0,"0x0000",0,"0x0000",0,"0x0000",,,,
895,0,"0x0000",0,"0x0000",0,"0x0000",,,,
896,0,"0x0000",0,"0x0000",0,"0x0000",,,,
897,0,"0x0000",0,"0x0000",0,"0x0000",,,,
898,0,"0x0000",0,"0x0000",0,"0x0000",,,,
899,0,"0x0000",0,"0x0000",0,"0x0000",,,,
900,0,"0x0000",0,"0x0000",0,"0x0000",,,,
901,0,"0x0000",0,"0x0000",0,"0x0000",,,,
902,0,"0x0000",0,"0x0000",0,"0x0000",,,,
903,0,"0x0000",0,"0x0000",0,"0x0000",,,,
904,0,"0x0000",0,"0x0000",0,"0x0000",,,,
905,0,"0x0000",0,"0x0000",0,"0x0000",,,,
906,0,"0x0000",0,"0x0000",0,"0x0000",,,,
907,0,"0x0000",0,"0x0000",0,"0x0000",,,,
908,0,"0x0000",0,"0x0000",0,"0x0000",,,,
909,0,"0x0000",0,"0x0000",0,"0x0000",,,,
910,0,"0x0000",0,"0x0000",0,"0x0000",,,,
911,0,"0x0000",0,"0x0000",0,"0x0000",,,,
912,0,"0x0000",0,"0x0000",0,"0x0000",,,,
913,0,"0x0000",0,"0x0000",0,"0x0000",,,,
914,0,"0x0000",0,"0x0000",0,"0x0000",,,,
915,0,"0x0000",0,"0x0000",0,"0x0000",,,,
916,0,"0x0000",0,"0x0000",0,"0x0000",,,,
917,0,"0x0000",0,"0x0000",0,"0x0000",,,,
918,0,"0x0000",0,"0x0000",0,"0x0000",,,,
919,0,"0x0000",0,"0x0000",0,"0x0000",,,,
920,0,"0x0000",0,"0x0000",0,"0x0000",,,,
921,0,"0x0000",0,"0x0000",0,"0x0000",,,,
922,0,"0x0000",0,"0x0000",0,"0x0000",,,,
923,0,"0x0000",0,"0x0000",0,"0x0000",,,,
924,0,"0x0000",0,"0x0000",0,"0x0000",,,,
925,0,"0x0000",0,"0x0000",0,"0x0000",,,,
926,0,"0x0000",0,"0x0000",0,"0x0000",,,,
927,0,"0x0000",0,"0x0000",0,"0x0000",,,,
928,0,"0x0000",0,"0x0000",0,"0x0000",,,,
929,0,"0x0000",0,"0x0000",0,"0x0000",,,,
930,0,"0x0000",0,"0x0000",0,"0x0000",,,,
931,0,"0x0000",0,"0x0000",0,"0x0000",,,,
932,0,"0x0000",0,"0x0000",0,"0x0000",,,,
933,0,"0x0000",0,"0x0000",0,"0x0000",,,,
934,0,"0x0000",0,"0x0000",0,"0x0000",,,,
935,0,"0x0000",0,"0x0000",0,"0x0000",,,,
936,0,"0x0000",0,"0x0000",0,"0x0000",,,,
937,0,"0x0000",0,"0x0000",0,"0x0000",,,,
938,0,"0x0000",0,"0x0000",0,"0x0000",,,,
939,0,"0x0000",0,"0x0000",0,"0x0000",,,,
940,0,"0x0000",0,"0x0000",0,"0x0000",,,,
941,0,"0x0000",0,"0x0000",0,"0x0000",,,,
942,0,"0x0000",0,"0x0000",0,"0x0000",,,,
943,0,"0x0000",0,"0x0000",0,"0x0000",,,,
944,0,"0x0000",0,"0x0000",0,"0x0000",,,,
945,0,"0x0000",0,"0x0000",0,"0x0000",,,,
946,0,"0x0000",0,"0x0000",0,"0x0000",,,,
947,0,"0x0000",0,"0x0000",0,"0x0000",,,,
948,0,"0x0000",0,"0x0000",0,"0x0000",,,,
949,0,"0x0000",0,"0x0000",0,"0x0000",,,,
950,0,"0x0000",0,"0x0000",0,"0x0000",,,,
951,0,"0x0000",0,"0x0000",0,"0x0000",,,,
952,0,"0x0000",0,"0x0000",0,"0x0000",,,,
953,0,"0x0000",0,"0x0000",0,"0x0000",,,,
954,0,"0x0000",0,"0x0000",0,"0x0000",,,,
955,0,"0x0000",0,"0x0000",0,"0x0000",,,,
956,0,"0x0000",0,"0x0000",0,"0x0000",,,,
957,0,"0x0000",0,"0x0000",0,"0x0000",,,,
958,0,"0x0000",0,"0x0000",0,"0x0000",,,,
959,0,"0x0000",0,"0x0000",0,"0x0000",,,,
